Group,Sample ID,Samp m [g],UTM east [m],UTM north [m],Longitude,Latitude,Samp type,Depth [m] (min),Depth [m] (max),Cond electr [µS/cm],pH,Al [mg/kg],As [mg/kg],B [mg/kg],Ba [mg/kg],Be [mg/kg],Ca [mg/kg],Cd [mg/kg],Ce [mg/kg],Co [mg/kg],Cr [mg/kg],Cu [mg/kg],Fe [mg/kg],Ga [mg/kg],Gd [mg/kg],Ge [mg/kg],K [mg/kg],La [mg/kg],Mg2+ [mg/kg],Mn [mg/kg],Mo [mg/kg],Na [mg/kg],Nb [mg/kg],Nd [mg/kg],Ni [mg/kg],P [mg/kg],Pb [mg/kg],S [mg/kg],Sc [mg/kg],Si [mg/kg],Sr [mg/kg],Th [mg/kg],Ti [mg/kg],V [mg/kg],Y [mg/kg],Zn [mg/kg],Zr [mg/kg]
1,1,0.308,391826.9,6465482,115.85553,-31.9414,Soil,0,0.05,178.5,7.08,11409.65731,2.27516,,36.4951,0.21961,8060.69435,0.13794,13.49577,2.72507,25.68618,33.07923,15664.14473,2.15559,1.37716,1.21208,332.23386,6.94751,543.57697,79.55904,0.96534,190.19899,22.22808,4.19371,21.98689,226.45463,180.31292,288.58441,1.43686,1025.80664,27.49076,3.80162,257.19878,33.15757,3.85903,134.3659,1.87237
1,2,0.302,391837.3,6465479,115.85564,-31.9415,Soil,0,0.05,97.9,7.31,6637.413166,2.47247,6.16776,25.37683,0.06818,9743.03569,0.13942,4.37542,1.35277,18.28213,192.44389,10232.66644,2.68627,0.61433,1.07182,189.49161,2.27207,545.23861,49.98135,0.60949,244.25795,10.45222,0.99147,6.84429,292.37546,120.64009,280.29537,0.70284,732.06464,53.49016,2.24114,117.88409,20.65398,1.96606,150.77733,1.06528
1,3,0.301,391847.8,6465473,115.85575,-31.9415,Soil,0,0.05,66.8,5.61,4747.684168,2.21651,,7.17116,0.03688,700.44353,,3.24089,,10.00484,2.42627,2264.629399,,0.32713,,119.25457,1.36073,119.133,55.81251,0.28938,63.26897,7.61693,1.05322,1.05633,140.63927,3.47536,155.56508,0.37923,745.35168,3.40417,1.14231,90.54484,6.91879,1.0038,15.70003,1.03483
1,4,0.303,391867.7,6465464,115.85596,-31.9416,Soil,0,0.05,266,6.73,9022.029123,,2.33001,28.74868,0.11275,8401.85119,0.15336,7.86928,1.28885,17.62091,38.55004,10275.74006,0.86305,0.78982,1.20738,248.70995,3.93791,589.59097,62.37481,0.61659,313.28866,16.57512,2.30016,10.45035,440.03866,83.80194,377.38468,0.93431,866.81239,39.08704,2.36016,191.81496,24.42699,2.42611,120.49989,1.51754
1,5,0.301,391882.9,6465453,115.85612,-31.9417,Soil,0,0.05,177.9,6.87,6339.890897,,6.33718,45.92713,0.10804,16661.79811,0.14196,5.89495,1.38371,10.76766,22.34035,6824.098057,1.16235,0.52807,1.2167,227.97401,3.40164,989.53695,47.50849,0.5127,203.7165,12.12619,0.67629,4.49761,466.33222,89.9996,585.15936,0.68289,765.95188,81.40963,1.34881,131.10109,19.89366,2.85504,129.47161,1.03875
1,6,0.311,391893.5,6465443,115.85623,-31.9418,Soil,0,0.05,86.4,5.81,2339.121222,,,15.00582,0.04632,2885.83005,0.05828,4.55724,0.68921,5.36402,8.38439,1973.763764,,0.43655,0.47576,155.74331,2.20063,267.32402,78.04859,0.29552,88.60754,5.69702,1.30001,5.05778,318.61665,6.74456,306.9493,0.17038,605.40063,12.27652,0.58462,64.75014,5.87931,1.8039,43.38423,0.31402
1,7,0.302,391916.3,6465432,115.85647,-31.9419,Soil,0,0.05,418,6.1,3867.272912,,12.04578,42.45025,0.07461,20424.24708,0.24725,4.21194,1.80222,8.771,22.05857,5170.430965,0.47502,0.55267,1.26706,193.77457,2.75685,1049.46441,44.64893,0.53604,360.88983,8.95686,,5.45069,509.42044,97.97962,628.54031,0.39148,692.50743,114.30538,0.99282,93.19599,13.14549,2.2363,123.89654,0.79951
1,8,0.313,391935.3,6465423,115.85667,-31.942,Soil,0,0.05,107.4,6.67,5579.052414,1.79339,,9.09794,0.04678,1945.01165,0.03183,4.2816,,10.58477,3.01191,2871.609296,0.48907,0.32149,0.57468,139.91055,1.5606,137.6966,25.19719,0.20733,69.92009,6.41275,0.97113,1.93363,96.66406,7.9058,72.77444,0.44935,826.87384,8.91613,1.48614,73.48319,7.06994,0.82197,11.70867,1.51031
1,9,0.296,391947.6,6465415,115.8568,-31.9421,Soil,0,0.05,128.9,7.53,5675.031542,1.84784,,16.13146,0.05246,15080.14173,0.03206,4.76446,0.77005,11.60774,7.22614,4915.019949,1.06668,0.3124,0.98674,126.76073,2.13021,442.12244,45.6319,0.30684,116.40762,8.7717,0.57989,4.06693,175.40388,29.03987,119.67203,0.47279,821.15775,70.2302,1.86891,94.52338,12.91834,1.27892,31.62861,1.1178
1,10,0.297,391960,6465411,115.85693,-31.9421,Soil,0,0.05,262.5,6.93,7440.114743,6.62943,,280.35269,0.24281,8023.41316,0.52692,10.10211,6.76045,19.71394,1879.92405,25726.40277,6.51396,1.19287,1.68815,244.57212,4.96175,935.562,237.43985,0.55863,195.74077,15.98473,,21.16531,637.36851,1232.75465,336.52222,1.30259,1185.47883,55.50105,3.85187,178.37848,25.8565,3.6843,452.23658,2.61205
1,11,0.306,391966.7,6465404,115.857,-31.9422,Soil,0,0.05,82.8,7.9,7299.604051,3.82751,,59.66745,0.14076,15477.994,0.1362,8.24534,2.99693,12.83381,75.14032,16071.44489,5.28222,0.79307,1.19126,225.58393,4.30046,726.00152,117.0598,0.74053,174.89283,12.08217,,8.19449,299.56135,5149.97196,171.58866,0.88789,1132.39418,80.28889,2.59172,131.30705,16.84225,2.31108,135.5792,1.59249
1,12,0.312,391976.2,6465396,115.8571,-31.9422,Soil,0,0.05,250.1,6.23,4979.038189,2.38251,3.68341,14.61518,0.04865,1945.39416,,5.2974,,10.02891,4.65867,2896.280665,0.50374,0.35627,0.46024,133.60247,1.82277,172.24303,58.87923,0.2628,184.82845,6.10623,1.13079,1.86655,180.26171,12.18225,137.00752,0.40564,834.02934,10.71933,1.38808,69.26326,7.76752,1.09685,25.24927,0.83828
2,1,0.298,391829,6465512,115.8556,-31.94118,Soil,0,0.05,87.2,8.14,2748.64879,,3.77662,38.94834,0.063,5124.81229,0.07991,3.2815,,5.87095,15.45308,4218.163589,,0.31832,0.56386,142.21132,1.80251,425.59826,40.17311,0.29639,60.93824,6.90421,0.90813,1.81422,212.94075,54.08483,297.75566,0.40634,529.5958,19.35767,0.86816,87.04485,10.52761,1.45981,86.94802,0.60189
2,2,0.301,391846,6465507,115.8557,-31.94123,Soil,0,0.05,440,7.88,4800.341398,2.13016,22.80366,56.83161,0.08565,20168.0283,0.22578,4.45421,1.10249,12.39514,29.03406,6066.503464,,0.46859,1.52413,715.97797,2.95013,2014.91604,74.07548,0.88194,483.31593,10.41094,,3.07542,877.3147,107.03383,1402.65255,0.43943,643.64549,86.69856,0.67266,119.97121,15.9948,2.90398,170.67492,1.28282
2,3,0.303,391861,6465507,115.8559,-31.94123,Soil,0,0.05,43.5,8.63,6015.519067,1.52933,,51.11744,0.14171,6836.04456,0.35019,8.94234,2.551,12.14181,28.86469,8002.315084,,0.80225,0.71637,368.39224,4.57861,989.49807,119.90369,0.73169,108.75702,19.61385,2.32627,4.58052,809.71652,164.13685,690.37183,0.67133,706.37305,27.44573,0.62816,245.42913,18.35315,3.64837,285.84937,0.24224
2,4,0.3,391866,6465508,115.8559,-31.94122,Soil,0,0.05,95.8,6.27,4653.501959,,,24.23013,0.1315,2573.30705,0.12146,9.8527,1.71607,8.72198,15.15151,5704.742184,,0.80022,0.44752,326.89904,4.91153,451.11004,66.128,0.46939,145.8153,13.14401,3.47971,2.99445,414.53665,75.8356,370.68227,0.6921,698.6577,12.04267,1.21796,165.54024,14.41724,3.14036,68.78715,0.60334
2,5,0.305,391870,6465503,115.856,-31.94127,Soil,0,0.05,136.8,8.64,6000.045793,,8.68227,54.44971,0.22721,9129.54192,0.21487,13.56227,2.68753,12.17635,22.44521,9544.278295,1.86401,1.222,1.24959,394.56488,6.95405,989.74581,101.26376,0.744,521.63896,12.71116,3.75202,4.98096,462.89951,166.96757,513.21461,0.90352,841.43182,46.38846,1.10683,147.91084,19.44385,4.47361,164.25554,0.87354
2,6,0.302,391896,6465492,115.8563,-31.94137,Soil,0,0.05,110.4,7.54,4108.656291,,4.76033,26.23305,0.09136,4881.38563,0.15916,7.96254,0.76881,9.30179,33.41141,4405.785033,0.36654,0.48555,0.69457,453.01113,3.65275,628.09018,54.8227,0.49014,174.94752,8.42306,2.41909,2.81835,576.40606,75.57017,699.10118,0.51868,661.24476,23.73651,0.97355,103.74572,13.71994,2.8,146.48642,0.83015
2,7,0.302,391896,6465486,115.8563,-31.94142,Soil,0,0.05,78.8,8.68,2008.622771,4.70398,,7.95678,0.03667,8859.84048,0.05256,2.91886,,9.0768,9.15211,2339.496434,,0.34328,0.72207,167.92457,1.76187,506.07101,21.02046,0.23559,103.14905,4.58072,,1.1068,264.03532,20.4474,351.02473,0.27372,512.5498,52.56954,0.66822,55.42542,10.96244,1.24963,58.26137,0.37541
2,8,0.3,391909,6465475,115.8564,-31.94153,Soil,0,0.05,434,7.55,2022.949352,,,,0.02625,970.00357,0.02675,1.58239,0.86103,9.69605,3.49137,2445.588646,,0.18095,,147.02837,0.89869,221.61804,19.92424,0.21375,65.54413,5.40774,,1.44929,179.38223,5.72553,265.29542,0.21821,409.94536,5.16144,0.70714,65.03832,14.20883,0.78155,23.20137,0.46529
2,9,0.3,391959,6465452,115.8569,-31.94174,Soil.wetland,0,0.05,37.2,8.52,3963.339885,2.04259,,54.32389,0.08273,2555.74046,0.12759,4.62113,2.27381,8.28331,38.65326,10164.80352,1.74171,0.32235,0.47772,145.55856,2.27787,294.75438,46.1881,0.59229,90.70483,10.49524,0.69868,6.59353,201.29593,182.45464,187.96761,0.40312,577.18989,16.20447,1.75118,127.45215,9.63118,1.21961,122.18163,1.27388
2,10,0.3,391956,6465449,115.8569,-31.94176,Soil.wetland,0,0.05,19.17,7.4,25207.91591,6.40928,,206.86816,1.16346,6453.19641,0.47038,54.62155,14.81094,25.9429,113.90357,33545.23578,18.74204,3.81082,2.15162,622.95761,20.91501,2807.54494,214.26628,1.04614,236.76357,6.02478,15.97355,17.59714,495.58699,428.51003,408.62193,5.45672,1674.10093,33.9314,11.30821,43.24851,42.59896,13.38176,356.03848,2.61071
2,11,0.3,391982,6465456,115.8572,-31.9417,Soil.wetland,0,0.05,66.3,7.68,4722.581007,2.0681,4.0791,170.28862,0.19779,8754.14509,0.27079,8.6075,3.41997,11.46726,95.59931,13665.23146,3.55782,0.65493,1.2175,190.54124,4.31926,721.09764,94.46323,0.64005,125.40418,11.99278,0.81694,8.97718,511.49652,464.56354,731.24699,0.76347,753.13968,62.26659,1.71843,135.227,14.33643,3.38381,271.74097,0.98423
3,1,0.336,391869,6465544,115.856,-31.9409,Soil,0,0.05,127.6,6.6,11791.79094,3.82503,2.06262,29.19145,0.10417,12743.95469,0.10752,6.73453,2.01729,17.18381,21.84537,15612.24069,4.54734,0.7981,1.69577,274.93088,3.22679,860.28618,101.17926,0.8111,204.97852,18.394,1.17193,2.92704,279.08976,86.25219,391.56495,1.27404,815.93908,33.56762,4.52334,209.01072,41.41679,3.60829,179.84674,2.84956
3,2,0.297,391866,6465535,115.8559,-31.94098,Soil,0,0.05,125.6,5.44,3493.905066,,,18.51857,0.05222,1959.50128,0.0477,3.31904,1.17041,6.35768,8.99556,5751.740781,,0.33746,0.39282,226.60948,1.63332,389.79095,29.63745,0.32398,97.26026,11.45379,1.25596,2.88098,274.20915,46.1362,397.61662,0.35662,542.80859,9.2538,1.12604,136.74055,15.66428,1.72694,75.84737,1.11094
3,3,0.3,391889,6465519,115.8562,-31.94113,Soil,0,0.05,125.6,5.56,6300.737525,,,22.19181,0.09188,14056.80876,0.1625,6.03856,1.55877,10.91165,35.33041,6678.453937,0.55643,0.6194,1.11885,223.5777,3.24981,625.05419,49.47257,0.35749,249.08139,15.86246,1.4227,6.09362,268.61488,50.30293,242.37318,0.80973,874.00293,64.09969,1.77975,180.67122,19.96833,2.85436,166.22733,0.95044
3,4,0.302,391901,6465510,115.8563,-31.94121,Soil,0,0.05,340,7.79,4912.897488,1.50159,8.7628,34.1784,0.09802,60303.09419,0.07165,4.97737,1.45776,9.91679,16.26305,4901.931544,0.49848,0.69176,1.98199,312.26631,3.50041,1192.89926,90.10059,0.60921,253.69446,8.59748,,3.00773,619.49459,22.81385,819.94563,0.36206,685.66619,134.73587,0.64438,67.74906,21.08655,6.37631,76.70119,1.2324
3,5,0.355,391902,6465516,115.8563,-31.94115,Soil,0,0.05,114.7,6.35,2779.943246,,,10.41525,0.03625,1459.35602,0.0593,3.20768,0.69581,6.8189,6.21584,2963.421974,,0.29951,,197.30972,1.56925,251.79454,30.50687,0.28962,88.83612,6.57295,0.97499,1.45712,216.57484,18.3815,352.63229,0.34105,540.10889,7.43802,1.13285,75.80597,9.74125,1.25902,69.75397,0.64748
3,6,0.303,391928,6465494,115.8566,-31.94136,Soil,0,0.05,97,6,4148.820269,3.10126,,12.5974,0.05666,1160.23834,0.07401,5.93842,0.93057,10.70969,7.94353,4088.021771,,0.40583,0.41602,159.07017,2.41875,186.4608,62.24301,0.3425,68.98216,7.79278,1.59939,7.41056,217.77924,21.99034,231.63298,0.43445,682.11061,6.79516,1.16689,93.50811,12.09233,1.46968,50.84927,0.735
3,7,0.302,391953,6465491,115.8569,-31.94139,Soil,0,0.05,255,5.55,7281.388098,,,26.41169,0.10655,14754.08346,0.03045,4.87156,1.291,16.81107,8.93006,14081.21996,,0.62983,1.44186,715.89539,3.04287,842.97421,50.01662,0.27675,133.52069,33.50094,1.25134,1.91872,242.84443,17.61872,203.62344,1.12898,663.77333,48.75482,2.975,407.88217,26.61569,1.69258,48.5981,1.73589
3,8,0.303,391972,6465494,115.8571,-31.94136,Soil,0,0.05,394,7.35,3567.515223,1.68752,3.68375,63.75494,0.08093,12224.19064,0.12275,5.03903,1.38309,7.8618,34.79073,6650.5866,1.02965,0.47276,1.12221,162.06594,2.84083,597.4469,45.6409,0.52576,166.65413,9.16545,0.77118,4.92531,301.09838,155.63696,319.55526,0.46382,717.36449,75.41747,1.50678,102.183,9.93695,1.75696,175.86734,0.64023
3,9,0.298,391965,6465475,115.857,-31.94153,Soil.wetland,0,0.05,587,7.15,4478.359933,2.68625,,42.71016,0.09954,6324.72372,0.12808,5.29513,0.85987,9.60944,39.36502,9473.81679,1.9646,0.41382,0.84227,213.11803,2.87002,505.09377,87.3119,0.48485,151.94659,11.43172,1.49697,6.29446,400.75906,80.24277,246.39846,0.52683,646.41387,33.31714,1.65231,134.32907,14.06883,1.70129,180.93813,1.21195
3,10,0.302,391985,6465481,115.8572,-31.94148,Soil,0,0.05,376,7.56,18064.22307,6.42327,,54.5765,0.18994,18651.18807,0.1544,3.99733,4.0111,31.13894,45.23921,39355.82561,12.92628,0.90283,2.53304,393.78675,2.96435,1141.97906,97.68542,1.82428,313.20917,21.7572,1.106,17.56839,398.24599,86.50001,687.11611,0.90588,802.21683,89.6975,5.52892,246.51659,68.08775,2.46018,263.88086,7.26768
3,11,0.307,391983,6465465,115.8572,-31.94162,Soil.wetland,0,0.05,93.1,7.94,5099.13074,3.97235,,108.55134,0.14541,4092.01799,0.26862,5.72339,3.3461,13.15063,98.0463,18321.14735,3.26116,0.77176,1.21396,172.07631,3.08826,472.12747,95.70695,0.65751,152.81704,14.45044,1.51755,9.50835,297.46397,259.64132,214.92757,0.65362,709.05241,24.7124,2.60914,169.19866,16.7593,2.33685,400.31581,1.46415
4,1,0.312,392006,6465382,115.8574,-31.94237,Sediment,0,0.05,246,6.08,11402.36277,21.91568,,143.06906,0.55283,9848.01229,0.65804,15.30538,4.06998,36.70397,111.76747,33637.04048,7.04725,2.00904,2.14616,454.24738,8.47367,1395.26584,141.36255,4.50504,132.29158,26.35073,5.59277,10.62924,1220.19994,230.02988,1311.79994,1.21335,984.05286,44.55938,2.26997,299.09288,36.59717,10.70871,900.07313,1.02496
4,2,0.316,391987,6465406,115.8572,-31.94216,Sediment,0,0.05,234,5.96,12727.10126,9.31461,,149.07002,0.2762,10599.06416,0.80579,16.41782,5.63616,40.63929,139.87473,21407.40316,2.2869,1.72766,1.66891,514.45241,9.01832,1886.54318,150.37272,4.34844,185.38581,29.16512,5.01481,17.17733,891.2507,291.96237,1526.40912,1.18041,1051.86765,45.89918,1.51548,334.007,32.08104,7.08081,1224.69426,1.81853
4,3,0.301,391982,6465392,115.8572,-31.94228,Sediment,0,0.05,124.7,6.26,2869.591674,1.84063,,33.19674,0.06437,4234.57762,0.14562,4.65729,1.48461,10.07542,31.18678,4210.466395,0.53493,0.44186,0.7587,112.88016,2.25958,325.71136,31.6549,0.65076,44.71568,7.75516,1.05291,6.85821,372.21745,46.03923,259.02149,0.31709,666.01073,14.74206,0.82224,87.86716,6.88414,1.4415,183.25086,0.56238
4,4,0.317,391978,6465405,115.8571,-31.94216,Sediment,0,0.05,142.9,6.56,2594.052412,1.76442,,41.23166,0.08617,6009.42226,0.10413,3.40105,1.23723,6.96738,52.40981,10628.85217,0.67785,0.50153,0.77453,186.46889,2.00515,377.10891,54.29449,0.43154,81.16688,12.56703,,4.42522,215.70644,467.06268,188.2995,0.4258,536.18857,17.75292,2.62425,146.68979,12.1663,2.02616,159.23012,0.704
4,5,0.312,391965,6465414,115.857,-31.94208,Sediment,0,0.05,166,6.44,1510.331466,13.14433,,37.26535,0.16595,8455.69974,,,1.94323,7.00852,13.14101,56956.38051,18.59143,1.07457,2.79868,85.34783,1.65016,393.52238,44.35533,0.65143,34.73118,5.49631,2.13426,2.04784,532.94719,22.34418,325.03168,0.13414,545.97614,22.55215,1.15217,47.67379,13.35065,3.89759,94.6964,0.08116
4,6,0.313,391959,6465434,115.8569,-31.9419,Sediment,0,0.05,136.9,6.47,12797.55239,6.61242,,73.58467,0.17577,7354.07277,0.17873,5.50324,2.91911,21.32864,68.26986,28644.72961,7.44469,0.88402,1.78169,203.59777,2.98863,485.65132,66.94643,1.06046,117.42745,22.73185,,8.92209,437.10538,1774.98197,316.92231,1.88105,798.35848,31.11329,5.46101,269.22271,54.16634,2.54785,246.99374,3.98941
5,1,0.3,391945,6465422,115.8568,-31.94201,Soil,0,0.05,450,5.76,5248.709177,2.12136,,16.08433,0.05548,1486.71591,0.03976,4.98389,0.71332,9.38423,6.35689,2852.060032,0.42534,0.37204,0.49969,253.49741,1.83448,244.55315,90.79738,0.42714,101.16565,6.58271,1.26152,1.7751,259.10394,10.01598,324.94964,0.38352,666.78887,7.71917,0.95886,81.33487,8.55562,1.59743,28.892,0.81528
5,2,0.303,391950,6465424,115.8568,-31.94199,Soil,0,0.05,124.1,7.22,15809.97675,7.90685,,242.02875,0.48044,6379.66455,0.42454,22.97447,9.94205,26.26038,164.41736,40726.55654,15.83838,2.01024,1.85073,436.21315,8.30943,1324.64289,220.62322,0.99217,299.58819,17.68979,5.35356,15.00933,493.81965,441.35845,372.72217,2.62638,1322.90774,46.49017,6.36745,199.90879,52.07259,5.71022,429.82463,4.41332
5,3,0.302,391951,6465434,115.8568,-31.9419,Soil.wetland,0,0.05,69.8,6.17,9325.735875,10.24153,,198.74321,0.31272,7032.01783,0.67165,7.72575,7.5613,30.2068,200.13626,46046.7176,13.08438,1.60542,2.62277,293.80909,4.4077,731.20413,251.45945,1.42841,249.94574,21.43761,,22.97139,1267.64791,1038.10368,680.53211,1.54347,803.90086,46.70245,3.69693,252.60781,40.62209,4.13275,638.29651,1.86573
5,4,0.305,391961,6465431,115.8569,-31.94193,Soil.wetland,0,0.05,103.8,6.21,6049.911391,7.79791,,192.41941,0.23475,7719.38539,0.54743,9.75723,5.48506,17.33363,184.63376,26566.28035,8.48806,1.33479,1.65023,208.79669,4.77402,616.77631,170.82268,1.05991,108.824,11.9536,2.30176,17.00453,728.31625,318.62178,347.23321,1.09936,921.43588,75.55602,2.65915,135.18879,20.12765,3.03039,547.47691,0.95013
5,5,0.3,391973,6465448,115.8571,-31.94177,Soil.wetland,0,0.05,104.2,6.77,7103.353939,1.99741,,135.15391,0.26736,2630.28892,0.42605,15.49853,6.01639,13.7606,68.00639,19820.90788,5.73044,1.22883,1.11455,266.77234,6.26265,657.70757,150.7874,0.72924,212.13449,11.90177,3.78921,12.63624,268.1336,288.74776,154.69592,1.35851,1122.81033,21.17371,3.64419,138.9314,20.64882,3.63585,336.44,3.14799
5,6,0.302,391977,6465458,115.8571,-31.94169,Soil.wetland,0,0.05,390,6.64,19750.00655,4.6278,,418.54184,0.87612,4807.95742,0.26633,36.53403,12.94122,21.50427,109.83931,34857.30921,17.03659,2.92226,1.83708,566.58158,14.94218,2501.9289,201.55087,0.98039,632.16608,9.20781,11.14714,13.66007,239.63622,238.31203,292.6658,4.45499,1887.8955,47.67775,9.40554,90.35185,46.84421,9.80245,310.33762,4.39491
5,7,0.302,391962,6465458,115.857,-31.94168,Soil.wetland,0,0.05,121.7,6.24,13715.95962,13.99546,,196.91891,0.58758,8649.55558,0.22349,28.18568,14.75243,32.01297,624.08061,51068.71016,21.53915,2.58596,2.55073,676.21907,12.8945,1904.43204,299.52565,1.42865,265.09712,7.67256,7.90239,39.64941,600.69477,576.73621,467.27306,2.73397,1624.94242,41.95997,6.01693,68.24837,29.56931,8.16689,293.31106,2.16336
5,8,0.303,391972,6465490,115.8571,-31.9414,Soil,0,0.05,96.5,6.72,3279.367505,1.94536,4.30612,68.5752,0.0992,4696.57224,0.12302,5.12988,1.37545,7.44989,35.65098,7739.597536,1.74926,0.45314,0.5608,187.15042,2.79156,476.6966,60.83422,0.50482,118.48009,7.69965,1.41925,4.23271,328.30089,118.81255,371.31214,0.39724,610.87786,30.1574,1.15767,88.3741,9.1115,1.58432,231.78517,0.88276
5,9,0.303,391972,6465488,115.8571,-31.94141,Soil,0,0.05,227,7.03,6750.448443,1.6572,8.55133,35.1185,0.10003,23237.1494,0.07943,4.93639,0.90299,15.70531,22.47454,15420.90647,4.70239,0.71097,1.91729,333.63046,3.09113,1182.23925,53.4448,0.82269,725.19085,14.36302,,3.75073,367.27083,78.35163,572.79129,0.80133,623.62363,115.06429,2.6542,159.33462,37.35269,2.47685,127.71689,2.33234
5,10,0.31,391978,6465504,115.8571,-31.94127,Soil,0,0.05,835,6.77,11212.95065,1.45712,12.6171,17.3703,0.04873,7470.19843,0.04626,8.17159,,11.6041,10.83495,6219.542483,2.26503,0.34814,1.02688,231.21504,2.13159,633.43398,33.67408,0.57853,348.29239,8.46047,1.09274,1.17905,366.23018,10.47374,424.54751,0.8339,576.18941,40.12493,2.71652,96.88165,17.26008,1.79357,32.97703,3.19035
5,11,0.302,391978,6465524,115.8571,-31.94109,Soil,0,0.05,179.5,8.01,2779.569624,1.87274,13.64265,21.24905,0.06026,43504.37,0.04207,3.69025,,6.51231,8.3586,2483.31695,,0.49408,1.72586,242.18312,2.54226,830.46124,65.06058,0.18498,485.82627,10.68441,,1.05492,251.04833,16.58608,222.79217,0.32887,522.54018,92.52874,0.41312,109.19828,7.82733,2.55433,40.96653,0.42984
6,1,0.31,391959,6465444,115.8569,-31.94181,Sediment,0,0.05,19.97,6.85,42780.96765,3.63558,,253.99076,1.73634,7399.84013,0.25805,77.16363,21.35414,28.3482,64.58559,40942.80875,24.57609,5.0386,2.83789,710.04886,27.84227,4936.74712,161.29465,0.85014,216.24151,8.97927,22.24009,20.55741,300.39727,147.17186,401.16208,8.94178,2119.89409,42.39749,16.41243,43.00472,61.77787,18.79571,220.78763,5.06074
6,2,0.305,391959,6465447,115.8569,-31.94178,Sediment,0,0.05,26.5,6.62,36602.62978,2.14753,,283.95893,1.49135,6572.60373,0.25343,79.61006,17.94922,26.13541,61.6075,35216.89158,22.69245,4.80798,2.16497,775.10929,28.72788,4517.48193,246.24205,1.21215,213.03078,6.60836,22.58873,16.09413,446.32217,159.41771,495.32859,7.83919,2084.25506,39.9402,14.03793,39.4813,55.16251,17.66848,230.5155,5.61379
6,3,0.3,391961,6465447,115.8569,-31.94178,Sediment,0,0.05,30.8,5.95,45477.89533,2.45887,,222.70384,1.81072,7213.38765,0.18933,73.88666,21.5138,29.0309,55.3215,41403.78121,26.1163,5.07881,2.77024,1080.05307,29.66729,4871.25521,190.64321,0.87006,232.12651,8.82426,23.42424,16.57507,370.18596,133.31016,383.1923,9.49451,2183.46522,38.10679,16.93177,45.18596,61.07464,18.77865,209.91397,4.92792
6,4,0.349,391964,6465446,115.857,-31.94179,Sediment,0,0.05,52.4,6.3,47453.03412,1.9333,,408.25989,1.87607,6582.92558,0.10808,77.1847,28.21189,26.60451,33.95409,41804.23875,27.81449,5.49053,2.7914,736.73774,29.75241,5649.67376,409.53917,0.60281,223.15784,6.97164,24.75484,17.07825,140.94571,91.19275,174.58715,10.01043,1848.45639,44.08177,18.60432,36.0758,61.50782,19.84668,95.12951,1.84112
6,5,0.301,391960,6465445,115.8569,-31.9418,Sediment,0,0.05,32.9,6.75,41988.8049,,,321.03317,1.72537,6519.73234,0.24371,79.54817,24.03297,25.89365,45.60589,37471.80799,24.15603,5.48172,2.55443,799.882,29.21617,4967.36722,274.33904,0.81445,184.63094,6.89997,24.3537,16.44115,333.45935,113.92729,341.94242,8.88354,2224.27013,39.66981,16.32584,40.66102,58.44875,19.61036,188.2048,4.2297
6,6,0.347,391960,6465449,115.8569,-31.94176,Sediment,0,0.05,111.8,5.71,37187.37482,3.76013,,278.92704,1.61368,7735.32241,0.61054,61.90034,16.94466,33.61178,122.19682,38701.10946,23.15493,4.79554,2.80447,701.87483,27.6602,3880.34696,111.76138,1.20438,207.47113,9.34685,21.0336,17.3692,696.28976,300.94482,745.29691,7.77253,1828.08866,41.44459,13.16264,54.51807,59.57751,18.90199,446.65835,6.84654
7,1,0.394,391815,6465478,115.8554,-31.94149,Street dust,0,0.05,,,4270.572299,,,59.59874,0.07286,12125.7863,0.08102,6.14588,0.97789,24.25923,66.91437,7099.376971,,0.53502,0.8924,430.2133,3.58997,794.3944,51.46739,2.53792,115.98065,16.27084,1.33711,5.94052,214.0381,39.55532,475.47433,0.48677,472.41813,37.90489,2.07063,196.66101,10.7302,1.86924,215.90952,1.26671
7,2,0.305,391811,6465505,115.8554,-31.94125,Street dust,0,0,,,3649.999425,,,39.63531,0.07097,13086.36619,0.03517,5.34648,1.69469,24.79495,59.59475,14744.05568,,0.78889,1.31958,496.66425,3.55549,1011.8903,80.104,2.16684,120.89574,20.40549,1.27191,4.16457,165.06602,18.55815,271.68762,0.52955,468.95923,39.37608,3.78393,244.97998,11.19709,2.20715,116.76569,3.09128
7,3,0.308,391825,6465525,115.8555,-31.94107,Street dust,0,0,,,4072.476789,,,42.38092,0.09576,7020.97761,,6.94443,1.92992,26.72369,12.17382,20079.27952,1.36446,0.96123,1.21956,610.91709,4.5427,1060.68919,68.68575,1.16592,125.17783,22.05584,2.62945,2.88944,71.77442,14.53569,260.75532,0.58722,447.04259,24.14297,4.86562,274.79926,18.79993,2.41964,66.04936,5.08594
7,4,0.307,391843,6465544,115.8557,-31.9409,Street dust,0,0,,,3733.642255,,,23.41421,0.04835,19585.23199,,3.26143,1.1464,11.60968,40.2349,6360.003671,,0.48759,1.47189,283.78556,2.29695,658.80955,33.66956,0.77092,139.82172,15.19592,,2.56099,99.07071,28.04815,163.61071,0.44841,430.77205,47.9064,2.18316,181.08174,9.68288,1.60357,119.26989,1.20652
7,5,0.302,391832,6465551,115.8556,-31.94083,Street dust,0,0,,,4167.34107,,,33.40514,0.05206,8756.1135,0.11133,2.93484,2.68333,14.38562,43.96849,9654.996867,,0.68356,0.8613,393.42379,2.06556,1345.12087,75.21301,0.61898,147.01799,35.599,0.66714,4.33432,166.54926,47.46358,291.91601,0.87207,473.8279,32.54108,1.41947,455.99816,15.17894,1.79889,245.95798,1.6921
7,6,0.31,391862,6465577,115.8559,-31.9406,Street dust,0,0,,,4844.921086,,,25.39124,0.06479,16523.58919,0.06823,6.49503,1.50622,20.67671,67.01739,9108.330753,,0.69949,1.27319,384.5158,3.62878,777.26964,43.07428,1.6398,124.82222,20.56409,1.17082,5.06817,101.89217,24.78866,317.9128,0.55293,426.23031,42.98451,3.50071,251.16965,13.51967,1.91973,105.12775,2.30847
7,7,0.363,391865,6465612,115.8559,-31.94029,Street dust,0,0,,,2633.540179,,,10.56729,0.05756,9538.4956,,4.12042,0.87754,5.96717,5.67291,3206.730181,,0.3541,0.53511,209.45748,2.35605,481.6072,21.0147,0.33628,120.79893,12.32593,,1.03079,57.35314,394.38839,161.88567,0.3748,435.46595,43.90176,1.75474,151.63488,7.81189,1.0941,46.72392,2.33804
7,8,0.322,391879,6465652,115.8561,-31.93993,Street dust,0,0,,,2341.225137,4.52968,,20.59832,0.02971,4831.03735,0.02641,2.58751,,22.1685,93.21306,2320.306289,,0.20222,0.35677,302.88436,1.4486,379.29469,15.52767,0.69268,250.54342,6.53168,,1.50189,123.88807,3913.50704,223.87141,0.27374,400.34491,17.20927,0.45431,83.65112,6.06088,0.74026,83.90237,0.41095
7,9,0.303,391900,6465659,115.8563,-31.93986,Street dust,0,0,,,2658.246163,,,21.37476,0.04109,5634.43354,,3.13279,,5.09195,8.74358,3008.269383,,0.42255,0.65571,231.09822,1.87033,527.90953,24.38247,0.31719,103.40824,11.04548,1.0211,1.68153,57.53628,7.57984,116.66948,0.31642,406.80991,17.31886,1.89142,135.3816,6.62067,1.40089,42.58465,1.29353
7,10,0.314,391905,6465663,115.8564,-31.93983,Street dust,0,0,,,2820.658656,,,10.11062,0.04451,4254.92586,0.03028,3.56514,,7.30394,12.13175,2994.630517,,0.48657,0.54261,179.89261,1.8272,368.01817,20.21111,0.36178,71.09294,8.93841,1.14128,1.36188,50.10135,8.82473,76.40736,0.28326,410.52936,12.7599,1.68449,114.02805,6.54041,1.19074,54.59858,2.06644
7,11,0.3,391936,6465724,115.8567,-31.93928,Street dust,0,0,,,5323.464405,,,42.82883,0.06564,10355.93848,,5.09279,1.48689,18.25423,20.84654,9494.761565,,0.46917,1.11321,413.61541,2.91086,1020.22416,59.83003,1.0155,368.29001,29.23948,0.73331,3.89503,117.50753,130.99355,298.07807,0.60768,517.13652,27.31481,2.6074,368.71886,16.67742,1.93706,104.77076,2.22975
7,12,0.31,391907,6465705,115.8564,-31.93945,Street dust,0,0,,,2483.113755,,,32.04936,0.03246,4021.68492,0.0746,2.86323,,9.32441,21.99795,3970.107923,,0.40603,0.66353,161.42401,1.66106,329.22076,25.32507,0.61407,110.86052,12.49364,0.61247,1.60396,102.54851,150.19291,195.70598,0.27992,448.18317,12.86215,1.20771,156.95897,6.15057,0.80047,85.59425,0.82669
7,13,0.304,391890,6465673,115.8562,-31.93974,Street dust,0,0,,,3596.358152,,1.79672,22.991,0.10503,17418.98375,0.03622,3.29681,0.61547,8.3182,16.53276,2975.3713,,0.35809,0.92539,517.54399,2.31677,695.44226,37.15121,1.03214,389.51879,10.36349,,1.55376,98.93405,1329.84723,562.39834,0.40406,712.23889,35.2667,0.68648,123.19658,6.27085,1.48855,74.61792,1.17462
8,1,0.3,392015,6465369,115.8575,-31.94249,Street dust,0,0,,,4490.845807,,,22.9596,0.05964,18035.39058,0.03143,4.18441,0.68765,10.86534,105.69793,5218.092994,,0.35795,1.26261,307.40682,2.51103,562.4115,35.8252,0.56866,122.1918,13.78854,,2.0626,214.97142,35.61065,187.93448,0.4908,497.56175,40.61844,2.27249,159.01223,11.96446,1.89575,94.15882,0.8664
8,2,0.302,391981,6465389,115.8572,-31.94231,Street dust,0,0,,,2943.332252,,,14.4703,0.04336,4703.24857,,3.8612,,8.30402,14.04346,2879.903806,,0.30104,0.45606,288.70501,2.03325,328.0342,20.35094,0.41872,127.88724,10.44548,1.0639,3.46043,133.15562,8.93274,149.12,0.31753,525.02763,17.07256,1.43842,125.64678,7.01651,1.09059,31.08363,1.03051
8,3,0.32,391953,6465386,115.8569,-31.94233,Street dust,0,0,,,3968.167558,,2.84922,21.22619,0.06133,11746.80197,0.05629,4.35927,0.96522,17.56524,21.01057,5240.546772,,0.48924,1.13756,585.47466,2.89583,772.86594,34.48652,1.04963,281.11688,13.27535,0.4739,3.22708,198.76976,32.27197,339.3564,0.44966,500.02158,35.38272,1.90957,156.401,9.94371,1.60574,108.04282,1.15989
8,4,0.31,391953,6465407,115.8569,-31.94214,Street dust,0,0,,,3925.494097,,,13.68212,0.04926,22355.9958,,2.54031,,8.47778,8.42218,5569.65684,,0.23468,1.18863,296.48355,1.74896,623.72518,47.40749,0.4279,162.30286,9.98771,,1.16001,202.08265,23.34559,153.83982,0.47648,569.75871,58.54992,1.63022,108.97471,15.02811,1.52979,44.57134,0.86048
8,5,0.3,391907,6465404,115.8564,-31.94217,Street dust,0,0,,,3918.976437,,9.48537,35.61742,0.0615,9273.1325,0.10689,4.4875,1.85386,9.30103,53.81866,5760.78063,0.45809,0.49525,0.63218,774.57345,2.49672,677.58186,33.45445,0.7358,517.23108,11.66792,1.1774,1.90741,230.42194,30.24272,356.45131,0.48455,477.31401,36.49418,2.08706,133.97967,10.92474,1.36676,98.146,1.91838
8,6,0.3,391911,6465426,115.8564,-31.94197,Street dust,0,0,,,1662.845093,,11.56006,16.62187,0.03208,13185.62755,0.07348,2.17883,0.82388,7.90895,24.04991,1589.862899,,0.29502,1.06853,1303.7285,1.65841,1041.92899,25.27762,0.72415,684.70352,5.37343,,6.04628,368.0746,13.29802,534.24737,0.233,479.51536,39.83157,0.93976,54.7934,4.57476,0.92357,76.82851,2.36083
8,7,0.302,391825,6465478,115.8555,-31.94149,Street dust,0,0,,,2185.276218,,,5.61757,0.03286,6160.98621,,2.98345,,3.55034,4.95546,1518.207033,,0.1661,0.5781,189.25329,1.43903,199.36,8.86815,0.33291,97.07769,6.09064,,1.9661,45.48245,6.95544,53.62117,0.22436,403.07492,16.00837,1.27447,72.88079,5.48626,0.60446,21.57963,1.52263
9,1,0.3,391791,6465450,115.8551,-31.94174,Street dust,0,0,649,10.6,3669.034307,,,31.81446,0.13388,25150.90918,0.10269,6.41827,1.45998,15.94766,31.23602,4716.314162,,0.39743,1.11459,329.55515,4.35,789.89389,69.59489,1.19446,185.58689,28.9315,1.09705,3.48031,84.15376,21.37222,400.07481,0.63519,680.21987,41.22622,2.83135,346.01884,8.98921,2.22924,129.20779,6.6532
9,2,0.327,391739,6465359,115.8546,-31.94256,Street dust,0,0,162.3,6.89,3187.338938,,,77.36366,0.06011,18533.93264,,6.67665,1.36792,33.9321,71.18627,11091.6551,,0.82285,1.29756,364.38368,4.15031,797.29366,65.82108,1.80007,626.96862,18.28283,1.18708,5.73128,76.14759,55.22081,283.77831,0.49611,430.53108,47.19694,3.31776,207.82449,11.04302,1.7988,170.75263,4.00695
9,3,0.303,391768,6465440,115.8549,-31.94183,Street dust,0,0,128.7,6.85,2410.769595,,,49.88902,0.04071,10876.57415,0.05478,3.07312,0.62263,12.82647,25.67776,3302.779242,,0.20171,0.87874,181.96158,1.98213,302.29898,24.39761,0.71418,94.26305,8.62787,,1.98401,187.59934,23.95137,188.01099,0.29838,493.91901,31.29258,1.02604,97.47311,7.04138,0.97229,141.45458,0.35575
9,4,0.301,391795,6465497,115.8552,-31.94132,Street dust,0,0,111.4,6.74,3750.443821,,,47.61555,0.06945,20932.63406,0.0553,12.26803,1.38951,18.65243,40.2845,7454.959904,,0.9023,1.16069,375.14921,6.94467,796.6254,48.09346,3.0565,86.95321,18.89115,2.85933,4.74434,236.62601,36.86502,397.67362,0.52162,526.34965,54.30405,5.39648,212.95115,12.02658,2.549,206.43629,2.29962
9,5,0.3,391716,6465535,115.8544,-31.94097,Street dust,0,0,90.9,6.78,6572.433146,,,37.12928,0.05271,9037.44015,,6.41818,0.71875,11.98614,20.63281,6833.013499,,0.36119,0.77686,209.29085,2.72534,421.00328,26.72968,0.67213,54.31526,15.37011,1.29172,1.33457,58.07952,11.98909,121.23387,0.70625,412.62359,21.88468,4.63868,179.60643,12.80473,1.0406,70.70567,6.15927
9,6,0.304,391739,6465536,115.8546,-31.94096,Street dust,0,0,311,5.73,10084.50036,,12.06458,248.99271,0.06612,8068.19361,0.16518,9.56201,1.73971,21.30337,36.42541,9662.412921,,0.37106,0.91279,371.88662,2.73656,506.6995,39.99566,1.45567,205.80186,18.64017,1.14874,9.99612,177.1332,51.96284,480.44828,0.94698,529.18405,26.19119,5.00737,218.21632,17.90744,1.11164,254.7758,6.02726
9,7,0.319,391816,6465502,115.8554,-31.94127,Street dust,0,0,182.1,7.11,3457.383783,,,63.05132,0.08421,16266.31159,,8.48279,1.41474,27.88651,99.42206,9787.541286,,0.71178,0.97632,360.31412,3.21072,737.84013,142.1139,2.84778,719.18489,18.12164,1.04423,6.40526,109.86424,35.14582,279.08073,0.50871,442.69957,46.69705,2.81082,206.36527,11.63668,1.83352,157.63056,4.85463
9,8,0.301,391805,6465464,115.8553,-31.94161,Street dust,0,0,176.3,7.34,4276.589266,,,74.95732,0.06764,10401.31769,0.08487,9.83498,1.97243,22.84245,61.50279,7659.024521,,0.73672,0.75508,374.80698,5.24554,651.24729,49.80659,1.93543,146.07013,17.45634,2.90535,4.03223,192.02383,55.56925,415.59648,0.56041,576.76429,35.23165,2.87808,204.50608,12.04898,1.74464,268.84525,1.15088
10,1,0.313,392032,6465363,115.85769,-31.94255,Street dust,0,0,1143,5.83,6619.085587,,2.33359,49.15529,0.0762,14898.14878,0.05011,5.63548,1.25017,21.78356,54.30917,7988.583524,,0.53505,1.12978,1209.74068,3.21683,894.29747,46.02577,2.4411,310.60704,16.31575,0.59463,3.55049,267.60333,46.91738,582.57744,0.53402,554.9371,39.17785,2.02702,186.36312,13.90279,1.50907,313.13478,1.33752
10,2,0.301,392039.6,6465381,115.85777,-31.94239,Street dust,0,0,280,6.17,19223.00896,2.75735,,15.322,0.06054,7751.19094,,5.22216,1.03349,24.75613,25.10272,16912.18168,4.82795,0.47598,1.43698,339.10878,2.11744,520.34986,30.94839,1.39723,562.36458,22.8043,1.10692,4.64837,74.37458,16.19571,474.20869,1.40561,500.53974,20.6334,6.21004,270.20855,36.10098,1.0914,257.66829,11.24716
10,3,0.309,392049.4,6465397,115.85788,-31.94224,Street dust,0,0,467,6.12,21003.73965,,,12.48006,0.06213,6600.24724,,4.64463,0.96126,27.93208,15.17576,16255.91196,4.80722,0.66963,1.36083,366.9235,1.94803,469.45168,31.32567,1.25166,151.51926,20.99283,1.19598,4.10392,77.3869,13.03015,478.78016,1.39378,516.17214,19.85058,6.14292,249.19647,36.42162,1.13262,72.98497,11.25308
10,4,0.306,392060,6465416,115.85799,-31.94207,Street dust,0,0,290,6.28,26985.86673,,9.22359,35.26743,0.07045,7378.28103,,5.53295,,34.21105,11.0548,21048.07086,6.22233,0.8158,1.27348,316.9926,1.96902,528.91999,27.2807,1.20732,1094.24935,24.50196,1.49055,3.45336,66.10312,11.62904,568.1693,1.85221,538.39593,21.42882,7.86795,293.24574,49.36566,1.08804,119.04315,15.70095
10,5,0.303,392069,6465434,115.85809,-31.94191,Street dust,0,0,292,6.33,40169.92044,,,9.37282,0.09279,4443.69356,0.04359,7.48669,0.60763,39.43966,14.95519,29374.95023,9.19079,0.83902,1.76112,388.35551,2.423,680.95208,32.72296,1.54612,121.13643,34.92526,1.58169,5.48603,75.42729,9.47638,707.60732,2.56048,628.07469,12.67025,11.22152,421.89458,68.56922,1.43076,41.76139,21.87812
10,6,0.306,392079.3,6465455,115.8582,-31.94172,Street dust,0,0,239,6.6,18448.30643,,,34.55657,0.05622,3677.59814,0.06892,4.26224,1.02666,19.64533,24.76772,14346.72673,3.67568,0.49696,0.87479,305.05394,1.71137,438.02325,36.24512,1.05857,286.74426,18.16496,0.97957,2.49032,87.58674,12.0685,423.19998,1.28821,529.82482,13.92766,5.28281,216.06096,30.38485,0.98763,72.34275,9.45408
10,7,0.301,392089.1,6465472,115.8583,-31.94157,Street dust,0,0,460,6.4,20816.9419,1.61619,,5.61953,0.05568,2529.0438,,4.47129,1.09524,39.17114,7.47107,15541.06501,2.99933,0.58282,0.59968,289.84953,1.50601,396.2711,26.03011,2.4025,102.72252,23.36758,1.21127,13.00529,58.65222,7.44266,393.12299,1.33694,495.86643,8.79623,5.71353,280.47554,35.82274,0.88287,35.41868,9.7341
10,8,0.306,392102.5,6465498,115.85845,-31.94133,Street dust,0,0,298,6.58,15500.29229,,,20.89916,0.09298,14872.70255,0.04414,6.34191,2.16532,18.41367,20.13746,12402.66137,0.75944,0.64567,1.41337,534.09724,3.42747,624.45923,43.30086,1.00276,269.00137,24.0558,1.15127,4.92748,140.97198,16.08337,399.36491,1.20313,580.72787,36.0815,5.24625,280.17561,25.24973,2.03924,94.55607,9.55117
10,9,0.305,392115.3,6465523,115.85859,-31.94111,Street dust,0,0,346,6.67,28556.25095,,,8.02432,0.06135,2775.05626,,5.76686,,31.92502,11.04424,20414.37315,6.17448,0.57783,1.33896,277.0091,1.69657,295.89002,19.07306,1.28092,105.99029,23.31143,1.28798,3.74531,60.80769,13.8507,555.62126,1.91451,584.09419,8.49171,7.90132,282.03185,45.66202,0.91833,44.40348,16.15155
10,10,0.304,392130.6,6465546,115.85875,-31.94091,Street dust,0,0,410,6.8,2711.333607,,,11.32158,0.03922,7637.86618,,2.28385,1.91854,5.80747,5.97369,1940.018192,,0.23979,0.62873,338.19108,1.45513,476.71918,14.76551,0.34582,304.53896,6.35532,,2.90531,98.48834,8.64261,301.12479,0.21129,431.97351,23.85136,0.81448,72.22739,5.8576,1.08902,74.3608,2.62188
11,1,0.312,391944,6465723,115.8568,-31.93929,Street dust,0,0,800,7.21,10501.90657,,,85.8208,0.11221,15947.12,0.16503,12.11309,3.46329,37.17919,74.51053,14407.87728,,1.02305,1.31779,607.21819,6.63422,1428.49301,125.17029,3.09446,408.63039,46.95905,2.68428,14.29592,303.93133,117.48995,729.00045,1.10095,688.57444,47.93168,5.51838,573.57283,28.1699,3.50979,385.57935,3.14101
11,2,0.299,391973,6465705,115.8571,-31.93946,Street dust,0,0,329,6.94,5948.73354,6.91385,,36.26192,0.05459,8130.39232,0.09535,,31.08652,168.01838,149.00605,101812.4759,19.16456,2.43792,4.3431,484.47041,2.43506,1448.1327,664.26126,30.17681,168.77186,63.51767,3.26901,89.22406,240.11384,76.6633,621.41544,0.65513,629.92545,24.20374,2.06566,747.83871,39.78133,2.12228,295.39372,
11,3,0.308,392025,6465678,115.8576,-31.93971,Street dust,0,0,308,7.21,6475.092978,,3.02354,34.80352,0.07002,7475.74208,0.09523,4.94804,3.69544,20.92445,37.84164,11301.65606,,0.7,0.76465,472.59809,3.18929,1352.17813,89.66329,1.54086,181.54495,58.62959,1.67139,9.84828,213.0597,82.35611,487.40163,0.93603,638.27246,21.40406,2.56903,732.20989,25.39784,1.86619,176.35088,2.32367
11,4,0.303,392062,6465661,115.858,-31.93986,Street dust,0,0,151.5,7.67,6707.411463,,,46.90244,0.07233,8785.47056,0.02978,5.96298,1.61777,13.96433,13.14466,6944.398495,,0.58623,0.60196,396.81355,3.49123,800.71984,52.32781,0.61278,144.12289,31.15452,1.3592,3.65133,208.60714,43.40575,282.58427,0.74262,574.29305,28.49501,2.75376,380.95246,17.33955,1.80308,71.27352,2.1636
11,5,0.299,392152,6465615,115.859,-31.94029,Street dust,0,0,894,6.08,10112.14045,,3.83004,24.61112,0.08141,17434.01191,0.0857,5.79048,1.5578,16.23342,20.1578,10836.24865,,0.58297,1.42193,1227.22979,3.17703,1247.37909,56.82059,1.21702,398.7342,28.53922,,4.98807,263.00408,31.51591,554.20449,0.86201,573.13176,52.82296,3.51188,343.86654,22.4863,2.12095,141.68745,4.68131
12,1,0.309,391907.3,6465552,115.8564,-31.94083,Street dust,0,0,352,6.32,3849.298957,,3.98335,20.33118,0.06292,15522.83658,0.04453,5.25654,1.64885,9.89077,43.9246,3982.044325,,0.36738,0.88656,1431.32325,4.30579,1336.03307,39.84075,3.21105,524.00184,18.82696,0.98755,3.29473,384.14787,11.36062,648.48602,0.45134,567.37471,63.23877,1.77376,218.3346,10.2249,1.99011,72.32683,1.23207
12,2,0.3,391906.3,6465644,115.8564,-31.94,Street dust,0,0,243,6.3,4001.37779,,3.01464,18.1231,0.06055,11496.7531,0.09511,4.84398,1.25632,9.54944,16.70886,4653.444186,,0.41977,0.82872,730.75799,2.95224,753.03517,35.03627,0.69196,236.47826,15.05368,0.75431,2.81759,357.33484,22.40834,448.51216,0.44527,596.21304,36.91794,1.62499,175.90158,10.16792,1.67677,119.92569,1.33795
12,3,0.309,391907,6465520,115.8564,-31.94112,Street dust,0,0,167,6.43,3091.963328,,,11.53867,0.04573,3109.14851,0.03357,3.25402,4.22043,299.54628,23.40484,6617.68943,,2.21604,,278.44684,1.83738,287.59599,50.6137,6.06255,180.0171,9.58167,0.64331,144.77111,128.52746,32.52863,129.64485,0.3365,507.65055,11.1667,1.38209,111.96869,10.415,1.5935,138.99509,0.77918
12,4,0.308,391908,6465521,115.8564,-31.94111,Street dust,0,0,370,7.13,11120.9382,,,21.39378,0.0792,16378.98349,0.03612,8.0612,0.71817,12.35203,8.78861,9539.312306,1.45118,0.66247,1.31895,449.33645,3.77388,678.90111,33.38094,0.8412,300.40972,16.48566,1.64745,3.3041,359.94433,29.50606,472.41782,0.90346,587.06475,40.41452,4.4851,186.3971,24.59436,3.51917,62.28344,2.73386
12,6,0.301,392039.6,6465461,115.8578,-31.94167,Street dust,0,0,170,6.92,3973.687317,,,9.67068,0.04839,17429.02673,,3.06032,0.62823,4.87476,9.57628,5607.35084,1.93807,,1.18733,165.95338,2.19275,362.7417,19.81615,0.28841,109.31291,7.69836,,2.56553,147.46904,24.66609,113.60221,0.332,473.022,51.49181,1.83811,83.24356,7.23875,0.95434,94.17998,1.11387
